Abdullah_Gul/Abdullah_Gul_0001.jpg Abdullah_Gul/Abdullah_Gul_0006.jpg 1
Abdullah_Gul/Abdullah_Gul_0001.jpg Abdullah_Gul/Abdullah_Gul_0008.jpg 1
Abdullah_Gul/Abdullah_Gul_0007.jpg Abdullah_Gul/Abdullah_Gul_0014.jpg 1
Abdullah_Gul/Abdullah_Gul_0009.jpg Abdullah_Gul/Abdullah_Gul_0012.jpg 1
Abdullah_Gul/Abdullah_Gul_0009.jpg Abdullah_Gul/Abdullah_Gul_0015.jpg 1
Adolfo_Rodriguez_Saa/Adolfo_Rodriguez_Saa_0001.jpg Adolfo_Rodriguez_Saa/Adolfo_Rodriguez_Saa_0002.jpg 1
Adrien_Brody/Adrien_Brody_0002.jpg Adrien_Brody/Adrien_Brody_0003.jpg 1
Adrien_Brody/Adrien_Brody_0002.jpg Adrien_Brody/Adrien_Brody_0012.jpg 1
Adrien_Brody/Adrien_Brody_0005.jpg Adrien_Brody/Adrien_Brody_0010.jpg 1
Adrien_Brody/Adrien_Brody_0007.jpg Adrien_Brody/Adrien_Brody_0008.jpg 1
Al_Sharpton/Al_Sharpton_0001.jpg Al_Sharpton/Al_Sharpton_0004.jpg 1
Al_Sharpton/Al_Sharpton_0002.jpg Al_Sharpton/Al_Sharpton_0004.jpg 1
Al_Sharpton/Al_Sharpton_0002.jpg Al_Sharpton/Al_Sharpton_0007.jpg 1
Al_Sharpton/Al_Sharpton_0003.jpg Al_Sharpton/Al_Sharpton_0004.jpg 1
Alexandra_Stevenson/Alexandra_Stevenson_0001.jpg Alexandra_Stevenson/Alexandra_Stevenson_0002.jpg 1
Alexandra_Stevenson/Alexandra_Stevenson_0001.jpg Alexandra_Stevenson/Alexandra_Stevenson_0003.jpg 1
Alexandra_Vodjanikova/Alexandra_Vodjanikova_0001.jpg Alexandra_Vodjanikova/Alexandra_Vodjanikova_0002.jpg 1
Alicia_Silverstone/Alicia_Silverstone_0001.jpg Alicia_Silverstone/Alicia_Silverstone_0002.jpg 1
Ana_Palacio/Ana_Palacio_0003.jpg Ana_Palacio/Ana_Palacio_0007.jpg 1
Ana_Palacio/Ana_Palacio_0006.jpg Ana_Palacio/Ana_Palacio_0008.jpg 1
Andre_Agassi/Andre_Agassi_0001.jpg Andre_Agassi/Andre_Agassi_0005.jpg 1
Andre_Agassi/Andre_Agassi_0002.jpg Andre_Agassi/Andre_Agassi_0016.jpg 1
Andre_Agassi/Andre_Agassi_0004.jpg Andre_Agassi/Andre_Agassi_0033.jpg 1
Andre_Agassi/Andre_Agassi_0009.jpg Andre_Agassi/Andre_Agassi_0025.jpg 1
Andre_Agassi/Andre_Agassi_0017.jpg Andre_Agassi/Andre_Agassi_0025.jpg 1
Anna_Kournikova/Anna_Kournikova_0002.jpg Anna_Kournikova/Anna_Kournikova_0003.jpg 1
Anna_Kournikova/Anna_Kournikova_0002.jpg Anna_Kournikova/Anna_Kournikova_0012.jpg 1
Anna_Kournikova/Anna_Kournikova_0003.jpg Anna_Kournikova/Anna_Kournikova_0008.jpg 1
Anna_Kournikova/Anna_Kournikova_0007.jpg Anna_Kournikova/Anna_Kournikova_0008.jpg 1
Anna_Kournikova/Anna_Kournikova_0007.jpg Anna_Kournikova/Anna_Kournikova_0011.jpg 1
Annette_Lu/Annette_Lu_0001.jpg Annette_Lu/Annette_Lu_0002.jpg 1
Arnold_Palmer/Arnold_Palmer_0001.jpg Arnold_Palmer/Arnold_Palmer_0003.jpg 1
Arnold_Palmer/Arnold_Palmer_0002.jpg Arnold_Palmer/Arnold_Palmer_0003.jpg 1
Aron_Ralston/Aron_Ralston_0001.jpg Aron_Ralston/Aron_Ralston_0002.jpg 1
Arturo_Gatti/Arturo_Gatti_0002.jpg Arturo_Gatti/Arturo_Gatti_0003.jpg 1
Bashar_Assad/Bashar_Assad_0001.jpg Bashar_Assad/Bashar_Assad_0003.jpg 1
Bashar_Assad/Bashar_Assad_0002.jpg Bashar_Assad/Bashar_Assad_0004.jpg 1
Bernardo_Segura/Bernardo_Segura_0001.jpg Bernardo_Segura/Bernardo_Segura_0002.jpg 1
Bill_Gates/Bill_Gates_0003.jpg Bill_Gates/Bill_Gates_0016.jpg 1
Bill_Gates/Bill_Gates_0007.jpg Bill_Gates/Bill_Gates_0015.jpg 1
Bill_Gates/Bill_Gates_0011.jpg Bill_Gates/Bill_Gates_0013.jpg 1
Bill_Gates/Bill_Gates_0013.jpg Bill_Gates/Bill_Gates_0017.jpg 1
Bo_Pelini/Bo_Pelini_0001.jpg Bo_Pelini/Bo_Pelini_0002.jpg 1
Bob_Stoops/Bob_Stoops_0002.jpg Bob_Stoops/Bob_Stoops_0004.jpg 1
Bob_Stoops/Bob_Stoops_0002.jpg Bob_Stoops/Bob_Stoops_0005.jpg 1
Bobby_Robson/Bobby_Robson_0001.jpg Bobby_Robson/Bobby_Robson_0002.jpg 1
Bode_Miller/Bode_Miller_0001.jpg Bode_Miller/Bode_Miller_0002.jpg 1
Caroline_Kennedy/Caroline_Kennedy_0001.jpg Caroline_Kennedy/Caroline_Kennedy_0003.jpg 1
Caroline_Kennedy/Caroline_Kennedy_0002.jpg Caroline_Kennedy/Caroline_Kennedy_0003.jpg 1
Catherine_Zeta-Jones/Catherine_Zeta-Jones_0001.jpg Catherine_Zeta-Jones/Catherine_Zeta-Jones_0011.jpg 1
Catherine_Zeta-Jones/Catherine_Zeta-Jones_0004.jpg Catherine_Zeta-Jones/Catherine_Zeta-Jones_0009.jpg 1
Celso_Amorim/Celso_Amorim_0001.jpg Celso_Amorim/Celso_Amorim_0002.jpg 1
Chan_Gailey/Chan_Gailey_0001.jpg Chan_Gailey/Chan_Gailey_0002.jpg 1
Chanda_Rubin/Chanda_Rubin_0002.jpg Chanda_Rubin/Chanda_Rubin_0005.jpg 1
Chanda_Rubin/Chanda_Rubin_0004.jpg Chanda_Rubin/Chanda_Rubin_0005.jpg 1
Charles_Bronson/Charles_Bronson_0001.jpg Charles_Bronson/Charles_Bronson_0002.jpg 1
Charles_Kartman/Charles_Kartman_0001.jpg Charles_Kartman/Charles_Kartman_0002.jpg 1
Charles_Schumer/Charles_Schumer_0001.jpg Charles_Schumer/Charles_Schumer_0002.jpg 1
Chris_Rock/Chris_Rock_0001.jpg Chris_Rock/Chris_Rock_0002.jpg 1
Christine_Baumgartner/Christine_Baumgartner_0001.jpg Christine_Baumgartner/Christine_Baumgartner_0002.jpg 1
Christine_Baumgartner/Christine_Baumgartner_0002.jpg Christine_Baumgartner/Christine_Baumgartner_0004.jpg 1
Colin_Farrell/Colin_Farrell_0001.jpg Colin_Farrell/Colin_Farrell_0007.jpg 1
Colin_Farrell/Colin_Farrell_0002.jpg Colin_Farrell/Colin_Farrell_0007.jpg 1
Colin_Farrell/Colin_Farrell_0003.jpg Colin_Farrell/Colin_Farrell_0006.jpg 1
Colin_Farrell/Colin_Farrell_0004.jpg Colin_Farrell/Colin_Farrell_0008.jpg 1
Dalai_Lama/Dalai_Lama_0001.jpg Dalai_Lama/Dalai_Lama_0002.jpg 1
Daniel_Radcliffe/Daniel_Radcliffe_0001.jpg Daniel_Radcliffe/Daniel_Radcliffe_0004.jpg 1
Daryl_Hannah/Daryl_Hannah_0001.jpg Daryl_Hannah/Daryl_Hannah_0002.jpg 1
David_Anderson/David_Anderson_0001.jpg David_Anderson/David_Anderson_0002.jpg 1
David_Anderson/David_Anderson_0001.jpg David_Anderson/David_Anderson_0003.jpg 1
David_Beckham/David_Beckham_0001.jpg David_Beckham/David_Beckham_0015.jpg 1
David_Beckham/David_Beckham_0009.jpg David_Beckham/David_Beckham_0016.jpg 1
David_Beckham/David_Beckham_0011.jpg David_Beckham/David_Beckham_0029.jpg 1
David_Beckham/David_Beckham_0013.jpg David_Beckham/David_Beckham_0029.jpg 1
David_Beckham/David_Beckham_0015.jpg David_Beckham/David_Beckham_0024.jpg 1
David_Beckham/David_Beckham_0020.jpg David_Beckham/David_Beckham_0027.jpg 1
David_Beckham/David_Beckham_0027.jpg David_Beckham/David_Beckham_0031.jpg 1
Denzel_Washington/Denzel_Washington_0002.jpg Denzel_Washington/Denzel_Washington_0004.jpg 1
Denzel_Washington/Denzel_Washington_0003.jpg Denzel_Washington/Denzel_Washington_0005.jpg 1
Dianne_Feinstein/Dianne_Feinstein_0001.jpg Dianne_Feinstein/Dianne_Feinstein_0002.jpg 1
Dianne_Feinstein/Dianne_Feinstein_0001.jpg Dianne_Feinstein/Dianne_Feinstein_0003.jpg 1
Dianne_Feinstein/Dianne_Feinstein_0002.jpg Dianne_Feinstein/Dianne_Feinstein_0003.jpg 1
Dick_Clark/Dick_Clark_0001.jpg Dick_Clark/Dick_Clark_0002.jpg 1
Dick_Clark/Dick_Clark_0001.jpg Dick_Clark/Dick_Clark_0003.jpg 1
Donald_Fehr/Donald_Fehr_0001.jpg Donald_Fehr/Donald_Fehr_0003.jpg 1
Donald_Fehr/Donald_Fehr_0001.jpg Donald_Fehr/Donald_Fehr_0004.jpg 1
Donald_Fehr/Donald_Fehr_0002.jpg Donald_Fehr/Donald_Fehr_0003.jpg 1
Donald_Fehr/Donald_Fehr_0003.jpg Donald_Fehr/Donald_Fehr_0004.jpg 1
Dwayne_Johnson/Dwayne_Johnson_0001.jpg Dwayne_Johnson/Dwayne_Johnson_0002.jpg 1
Ed_Rosenthal/Ed_Rosenthal_0001.jpg Ed_Rosenthal/Ed_Rosenthal_0002.jpg 1
Erik_Morales/Erik_Morales_0001.jpg Erik_Morales/Erik_Morales_0002.jpg 1
Erik_Morales/Erik_Morales_0002.jpg Erik_Morales/Erik_Morales_0003.jpg 1
Evan_Rachel_Wood/Evan_Rachel_Wood_0002.jpg Evan_Rachel_Wood/Evan_Rachel_Wood_0003.jpg 1
Evander_Holyfield/Evander_Holyfield_0001.jpg Evander_Holyfield/Evander_Holyfield_0002.jpg 1
Eve_Pelletier/Eve_Pelletier_0001.jpg Eve_Pelletier/Eve_Pelletier_0002.jpg 1
Farouk_al-Sharaa/Farouk_al-Sharaa_0001.jpg Farouk_al-Sharaa/Farouk_al-Sharaa_0002.jpg 1
Farouk_al-Sharaa/Farouk_al-Sharaa_0001.jpg Farouk_al-Sharaa/Farouk_al-Sharaa_0003.jpg 1
Farouk_al-Sharaa/Farouk_al-Sharaa_0002.jpg Farouk_al-Sharaa/Farouk_al-Sharaa_0003.jpg 1
Frank_Cassell/Frank_Cassell_0001.jpg Frank_Cassell/Frank_Cassell_0002.jpg 1
Frank_Cassell/Frank_Cassell_0001.jpg Frank_Cassell/Frank_Cassell_0003.jpg 1
Fujio_Cho/Fujio_Cho_0001.jpg Fujio_Cho/Fujio_Cho_0004.jpg 1
Fujio_Cho/Fujio_Cho_0002.jpg Fujio_Cho/Fujio_Cho_0005.jpg 1
Fujio_Cho/Fujio_Cho_0003.jpg Fujio_Cho/Fujio_Cho_0005.jpg 1
Fujio_Cho/Fujio_Cho_0004.jpg Fujio_Cho/Fujio_Cho_0006.jpg 1
Fujio_Cho/Fujio_Cho_0005.jpg Fujio_Cho/Fujio_Cho_0006.jpg 1
Gao_Qiang/Gao_Qiang_0001.jpg Gao_Qiang/Gao_Qiang_0002.jpg 1
Geoff_Hoon/Geoff_Hoon_0001.jpg Geoff_Hoon/Geoff_Hoon_0002.jpg 1
Geoff_Hoon/Geoff_Hoon_0003.jpg Geoff_Hoon/Geoff_Hoon_0004.jpg 1
Geoff_Hoon/Geoff_Hoon_0004.jpg Geoff_Hoon/Geoff_Hoon_0005.jpg 1
George_Brumley/George_Brumley_0001.jpg George_Brumley/George_Brumley_0002.jpg 1
George_Papandreou/George_Papandreou_0001.jpg George_Papandreou/George_Papandreou_0002.jpg 1
George_Papandreou/George_Papandreou_0001.jpg George_Papandreou/George_Papandreou_0003.jpg 1
George_Papandreou/George_Papandreou_0001.jpg George_Papandreou/George_Papandreou_0004.jpg 1
George_Papandreou/George_Papandreou_0003.jpg George_Papandreou/George_Papandreou_0004.jpg 1
Gloria_Allred/Gloria_Allred_0001.jpg Gloria_Allred/Gloria_Allred_0002.jpg 1
Greg_Ostertag/Greg_Ostertag_0001.jpg Greg_Ostertag/Greg_Ostertag_0002.jpg 1
Greg_Owen/Greg_Owen_0001.jpg Greg_Owen/Greg_Owen_0002.jpg 1
Hanan_Ashrawi/Hanan_Ashrawi_0001.jpg Hanan_Ashrawi/Hanan_Ashrawi_0002.jpg 1
Harry_Kalas/Harry_Kalas_0001.jpg Harry_Kalas/Harry_Kalas_0002.jpg 1
Hayley_Tullett/Hayley_Tullett_0001.jpg Hayley_Tullett/Hayley_Tullett_0002.jpg 1
Howard_Dean/Howard_Dean_0001.jpg Howard_Dean/Howard_Dean_0003.jpg 1
Howard_Dean/Howard_Dean_0001.jpg Howard_Dean/Howard_Dean_0007.jpg 1
Howard_Dean/Howard_Dean_0002.jpg Howard_Dean/Howard_Dean_0008.jpg 1
Howard_Dean/Howard_Dean_0004.jpg Howard_Dean/Howard_Dean_0005.jpg 1
Howard_Dean/Howard_Dean_0005.jpg Howard_Dean/Howard_Dean_0012.jpg 1
Hu_Jintao/Hu_Jintao_0004.jpg Hu_Jintao/Hu_Jintao_0014.jpg 1
Hu_Jintao/Hu_Jintao_0005.jpg Hu_Jintao/Hu_Jintao_0012.jpg 1
Hu_Jintao/Hu_Jintao_0005.jpg Hu_Jintao/Hu_Jintao_0015.jpg 1
Hu_Jintao/Hu_Jintao_0011.jpg Hu_Jintao/Hu_Jintao_0013.jpg 1
Ian_McKellen/Ian_McKellen_0001.jpg Ian_McKellen/Ian_McKellen_0003.jpg 1
Ibrahim_Jaafari/Ibrahim_Jaafari_0001.jpg Ibrahim_Jaafari/Ibrahim_Jaafari_0002.jpg 1
Isabella_Rossellini/Isabella_Rossellini_0001.jpg Isabella_Rossellini/Isabella_Rossellini_0003.jpg 1
Ishaq_Shahryar/Ishaq_Shahryar_0001.jpg Ishaq_Shahryar/Ishaq_Shahryar_0002.jpg 1
Ismail_Merchant/Ismail_Merchant_0001.jpg Ismail_Merchant/Ismail_Merchant_0002.jpg 1
Jacques_Chirac/Jacques_Chirac_0002.jpg Jacques_Chirac/Jacques_Chirac_0043.jpg 1
Jacques_Chirac/Jacques_Chirac_0019.jpg Jacques_Chirac/Jacques_Chirac_0028.jpg 1
James_Cameron/James_Cameron_0001.jpg James_Cameron/James_Cameron_0003.jpg 1
James_McGreevey/James_McGreevey_0001.jpg James_McGreevey/James_McGreevey_0003.jpg 1
James_McGreevey/James_McGreevey_0001.jpg James_McGreevey/James_McGreevey_0004.jpg 1
Jason_Alexander/Jason_Alexander_0001.jpg Jason_Alexander/Jason_Alexander_0002.jpg 1
Jason_Kidd/Jason_Kidd_0002.jpg Jason_Kidd/Jason_Kidd_0008.jpg 1
Jason_Kidd/Jason_Kidd_0003.jpg Jason_Kidd/Jason_Kidd_0008.jpg 1
Jason_Kidd/Jason_Kidd_0006.jpg Jason_Kidd/Jason_Kidd_0008.jpg 1
Jelena_Dokic/Jelena_Dokic_0001.jpg Jelena_Dokic/Jelena_Dokic_0002.jpg 1
Jelena_Dokic/Jelena_Dokic_0002.jpg Jelena_Dokic/Jelena_Dokic_0004.jpg 1
Jelena_Dokic/Jelena_Dokic_0002.jpg Jelena_Dokic/Jelena_Dokic_0008.jpg 1
Jelena_Dokic/Jelena_Dokic_0003.jpg Jelena_Dokic/Jelena_Dokic_0004.jpg 1
Jelena_Dokic/Jelena_Dokic_0004.jpg Jelena_Dokic/Jelena_Dokic_0005.jpg 1
Jelena_Dokic/Jelena_Dokic_0004.jpg Jelena_Dokic/Jelena_Dokic_0007.jpg 1
Jelena_Dokic/Jelena_Dokic_0004.jpg Jelena_Dokic/Jelena_Dokic_0008.jpg 1
Jelena_Dokic/Jelena_Dokic_0005.jpg Jelena_Dokic/Jelena_Dokic_0006.jpg 1
Jelena_Dokic/Jelena_Dokic_0007.jpg Jelena_Dokic/Jelena_Dokic_0008.jpg 1
Jennifer_Connelly/Jennifer_Connelly_0001.jpg Jennifer_Connelly/Jennifer_Connelly_0003.jpg 1
Jennifer_Connelly/Jennifer_Connelly_0001.jpg Jennifer_Connelly/Jennifer_Connelly_0004.jpg 1
Jennifer_Connelly/Jennifer_Connelly_0002.jpg Jennifer_Connelly/Jennifer_Connelly_0004.jpg 1
Jennifer_Connelly/Jennifer_Connelly_0003.jpg Jennifer_Connelly/Jennifer_Connelly_0004.jpg 1
Jennifer_Keller/Jennifer_Keller_0001.jpg Jennifer_Keller/Jennifer_Keller_0004.jpg 1
Jennifer_Keller/Jennifer_Keller_0003.jpg Jennifer_Keller/Jennifer_Keller_0004.jpg 1
Jennifer_Reilly/Jennifer_Reilly_0001.jpg Jennifer_Reilly/Jennifer_Reilly_0002.jpg 1
Jennifer_Thompson/Jennifer_Thompson_0001.jpg Jennifer_Thompson/Jennifer_Thompson_0002.jpg 1
Jim_Hahn/Jim_Hahn_0001.jpg Jim_Hahn/Jim_Hahn_0003.jpg 1
Jim_Hahn/Jim_Hahn_0001.jpg Jim_Hahn/Jim_Hahn_0004.jpg 1
Jim_Hahn/Jim_Hahn_0003.jpg Jim_Hahn/Jim_Hahn_0004.jpg 1
Johnny_Carson/Johnny_Carson_0001.jpg Johnny_Carson/Johnny_Carson_0002.jpg 1
Jorge_Batlle/Jorge_Batlle_0001.jpg Jorge_Batlle/Jorge_Batlle_0002.jpg 1
Jorge_Batlle/Jorge_Batlle_0001.jpg Jorge_Batlle/Jorge_Batlle_0003.jpg 1
Jorge_Rodolfo_Canicoba_Corral/Jorge_Rodolfo_Canicoba_Corral_0001.jpg Jorge_Rodolfo_Canicoba_Corral/Jorge_Rodolfo_Canicoba_Corral_0002.jpg 1
Juan_Ignacio_Chela/Juan_Ignacio_Chela_0001.jpg Juan_Ignacio_Chela/Juan_Ignacio_Chela_0002.jpg 1
Juan_Ignacio_Chela/Juan_Ignacio_Chela_0001.jpg Juan_Ignacio_Chela/Juan_Ignacio_Chela_0003.jpg 1
Juan_Ignacio_Chela/Juan_Ignacio_Chela_0002.jpg Juan_Ignacio_Chela/Juan_Ignacio_Chela_0003.jpg 1
Justin_Gatlin/Justin_Gatlin_0001.jpg Justin_Gatlin/Justin_Gatlin_0002.jpg 1
Karen_Mok/Karen_Mok_0001.jpg Karen_Mok/Karen_Mok_0002.jpg 1
Katie_Harman/Katie_Harman_0001.jpg Katie_Harman/Katie_Harman_0002.jpg 1
Katie_Harman/Katie_Harman_0001.jpg Katie_Harman/Katie_Harman_0003.jpg 1
Katie_Harman/Katie_Harman_0002.jpg Katie_Harman/Katie_Harman_0003.jpg 1
Kenneth_Branagh/Kenneth_Branagh_0001.jpg Kenneth_Branagh/Kenneth_Branagh_0002.jpg 1
Kevin_Costner/Kevin_Costner_0001.jpg Kevin_Costner/Kevin_Costner_0003.jpg 1
Kevin_Costner/Kevin_Costner_0002.jpg Kevin_Costner/Kevin_Costner_0006.jpg 1
Kevin_Costner/Kevin_Costner_0002.jpg Kevin_Costner/Kevin_Costner_0008.jpg 1
Kevin_Costner/Kevin_Costner_0006.jpg Kevin_Costner/Kevin_Costner_0008.jpg 1
Larry_Lindsey/Larry_Lindsey_0001.jpg Larry_Lindsey/Larry_Lindsey_0002.jpg 1
Leonardo_DiCaprio/Leonardo_DiCaprio_0003.jpg Leonardo_DiCaprio/Leonardo_DiCaprio_0007.jpg 1
Leonardo_DiCaprio/Leonardo_DiCaprio_0005.jpg Leonardo_DiCaprio/Leonardo_DiCaprio_0006.jpg 1
Leonardo_DiCaprio/Leonardo_DiCaprio_0006.jpg Leonardo_DiCaprio/Leonardo_DiCaprio_0008.jpg 1
Lindsay_Davenport/Lindsay_Davenport_0002.jpg Lindsay_Davenport/Lindsay_Davenport_0010.jpg 1
Lindsay_Davenport/Lindsay_Davenport_0005.jpg Lindsay_Davenport/Lindsay_Davenport_0009.jpg 1
Lisa_Ling/Lisa_Ling_0001.jpg Lisa_Ling/Lisa_Ling_0002.jpg 1
Lucy_Liu/Lucy_Liu_0002.jpg Lucy_Liu/Lucy_Liu_0004.jpg 1
Lucy_Liu/Lucy_Liu_0002.jpg Lucy_Liu/Lucy_Liu_0005.jpg 1
Lucy_Liu/Lucy_Liu_0003.jpg Lucy_Liu/Lucy_Liu_0005.jpg 1
Manfred_Stolpe/Manfred_Stolpe_0001.jpg Manfred_Stolpe/Manfred_Stolpe_0002.jpg 1
Maria_Luisa_Mendonca/Maria_Luisa_Mendonca_0001.jpg Maria_Luisa_Mendonca/Maria_Luisa_Mendonca_0002.jpg 1
Mario_Kreutzberger/Mario_Kreutzberger_0001.jpg Mario_Kreutzberger/Mario_Kreutzberger_0002.jpg 1
Melissa_Etheridge/Melissa_Etheridge_0001.jpg Melissa_Etheridge/Melissa_Etheridge_0002.jpg 1
Michael_Jordan/Michael_Jordan_0001.jpg Michael_Jordan/Michael_Jordan_0002.jpg 1
Michael_Jordan/Michael_Jordan_0001.jpg Michael_Jordan/Michael_Jordan_0003.jpg 1
Michael_Jordan/Michael_Jordan_0002.jpg Michael_Jordan/Michael_Jordan_0004.jpg 1
Mikhail_Youzhny/Mikhail_Youzhny_0001.jpg Mikhail_Youzhny/Mikhail_Youzhny_0002.jpg 1
Mitchell_Daniels/Mitchell_Daniels_0001.jpg Mitchell_Daniels/Mitchell_Daniels_0002.jpg 1
Mitchell_Daniels/Mitchell_Daniels_0001.jpg Mitchell_Daniels/Mitchell_Daniels_0004.jpg 1
Mitchell_Daniels/Mitchell_Daniels_0003.jpg Mitchell_Daniels/Mitchell_Daniels_0004.jpg 1
Mohammad_Khatami/Mohammad_Khatami_0001.jpg Mohammad_Khatami/Mohammad_Khatami_0005.jpg 1
Mohammad_Khatami/Mohammad_Khatami_0003.jpg Mohammad_Khatami/Mohammad_Khatami_0009.jpg 1
Mohammad_Khatami/Mohammad_Khatami_0008.jpg Mohammad_Khatami/Mohammad_Khatami_0010.jpg 1
Monique_Garbrecht-Enfeldt/Monique_Garbrecht-Enfeldt_0001.jpg Monique_Garbrecht-Enfeldt/Monique_Garbrecht-Enfeldt_0003.jpg 1
Natalie_Maines/Natalie_Maines_0002.jpg Natalie_Maines/Natalie_Maines_0005.jpg 1
Natalie_Maines/Natalie_Maines_0004.jpg Natalie_Maines/Natalie_Maines_0005.jpg 1
Nelson_Mandela/Nelson_Mandela_0001.jpg Nelson_Mandela/Nelson_Mandela_0003.jpg 1
Norodom_Sihanouk/Norodom_Sihanouk_0001.jpg Norodom_Sihanouk/Norodom_Sihanouk_0003.jpg 1
Norodom_Sihanouk/Norodom_Sihanouk_0002.jpg Norodom_Sihanouk/Norodom_Sihanouk_0003.jpg 1
Osama_bin_Laden/Osama_bin_Laden_0002.jpg Osama_bin_Laden/Osama_bin_Laden_0004.jpg 1
Osama_bin_Laden/Osama_bin_Laden_0003.jpg Osama_bin_Laden/Osama_bin_Laden_0004.jpg 1
Oxana_Fedorova/Oxana_Fedorova_0001.jpg Oxana_Fedorova/Oxana_Fedorova_0002.jpg 1
Peter_Bacanovic/Peter_Bacanovic_0001.jpg Peter_Bacanovic/Peter_Bacanovic_0002.jpg 1
Philippe_Noiret/Philippe_Noiret_0001.jpg Philippe_Noiret/Philippe_Noiret_0002.jpg 1
Placido_Domingo/Placido_Domingo_0001.jpg Placido_Domingo/Placido_Domingo_0002.jpg 1
Placido_Domingo/Placido_Domingo_0002.jpg Placido_Domingo/Placido_Domingo_0003.jpg 1
Prince_William/Prince_William_0001.jpg Prince_William/Prince_William_0002.jpg 1
Princess_Aiko/Princess_Aiko_0001.jpg Princess_Aiko/Princess_Aiko_0002.jpg 1
Priscilla_Presley/Priscilla_Presley_0001.jpg Priscilla_Presley/Priscilla_Presley_0002.jpg 1
Richard_Haass/Richard_Haass_0001.jpg Richard_Haass/Richard_Haass_0002.jpg 1
Richard_Shelby/Richard_Shelby_0001.jpg Richard_Shelby/Richard_Shelby_0002.jpg 1
Rick_Barnes/Rick_Barnes_0001.jpg Rick_Barnes/Rick_Barnes_0002.jpg 1
Rick_Barnes/Rick_Barnes_0001.jpg Rick_Barnes/Rick_Barnes_0003.jpg 1
Rick_Dinse/Rick_Dinse_0001.jpg Rick_Dinse/Rick_Dinse_0003.jpg 1
Rick_Dinse/Rick_Dinse_0002.jpg Rick_Dinse/Rick_Dinse_0003.jpg 1
Rio_Ferdinand/Rio_Ferdinand_0001.jpg Rio_Ferdinand/Rio_Ferdinand_0002.jpg 1
Rita_Grande/Rita_Grande_0001.jpg Rita_Grande/Rita_Grande_0002.jpg 1
Rita_Grande/Rita_Grande_0002.jpg Rita_Grande/Rita_Grande_0003.jpg 1
Robin_McLaurin_Williams/Robin_McLaurin_Williams_0001.jpg Robin_McLaurin_Williams/Robin_McLaurin_Williams_0002.jpg 1
Saddam_Hussein/Saddam_Hussein_0002.jpg Saddam_Hussein/Saddam_Hussein_0004.jpg 1
Saddam_Hussein/Saddam_Hussein_0002.jpg Saddam_Hussein/Saddam_Hussein_0010.jpg 1
Saddam_Hussein/Saddam_Hussein_0003.jpg Saddam_Hussein/Saddam_Hussein_0011.jpg 1
Saddam_Hussein/Saddam_Hussein_0006.jpg Saddam_Hussein/Saddam_Hussein_0009.jpg 1
Sally_Field/Sally_Field_0001.jpg Sally_Field/Sally_Field_0002.jpg 1
Salma_Hayek/Salma_Hayek_0001.jpg Salma_Hayek/Salma_Hayek_0010.jpg 1
Salma_Hayek/Salma_Hayek_0001.jpg Salma_Hayek/Salma_Hayek_0011.jpg 1
Sandra_Bullock/Sandra_Bullock_0001.jpg Sandra_Bullock/Sandra_Bullock_0003.jpg 1
Sandra_Bullock/Sandra_Bullock_0001.jpg Sandra_Bullock/Sandra_Bullock_0004.jpg 1
Sandra_Bullock/Sandra_Bullock_0002.jpg Sandra_Bullock/Sandra_Bullock_0004.jpg 1
Sandra_Bullock/Sandra_Bullock_0003.jpg Sandra_Bullock/Sandra_Bullock_0004.jpg 1
Sarah_Hughes/Sarah_Hughes_0001.jpg Sarah_Hughes/Sarah_Hughes_0006.jpg 1
Sarah_Hughes/Sarah_Hughes_0002.jpg Sarah_Hughes/Sarah_Hughes_0005.jpg 1
Sarah_Hughes/Sarah_Hughes_0003.jpg Sarah_Hughes/Sarah_Hughes_0005.jpg 1
Sarah_Hughes/Sarah_Hughes_0004.jpg Sarah_Hughes/Sarah_Hughes_0006.jpg 1
Sharon_Frey/Sharon_Frey_0001.jpg Sharon_Frey/Sharon_Frey_0002.jpg 1
Silvio_Berlusconi/Silvio_Berlusconi_0006.jpg Silvio_Berlusconi/Silvio_Berlusconi_0030.jpg 1
Silvio_Berlusconi/Silvio_Berlusconi_0008.jpg Silvio_Berlusconi/Silvio_Berlusconi_0023.jpg 1
Silvio_Berlusconi/Silvio_Berlusconi_0013.jpg Silvio_Berlusconi/Silvio_Berlusconi_0021.jpg 1
Silvio_Berlusconi/Silvio_Berlusconi_0017.jpg Silvio_Berlusconi/Silvio_Berlusconi_0029.jpg 1
Silvio_Berlusconi/Silvio_Berlusconi_0018.jpg Silvio_Berlusconi/Silvio_Berlusconi_0025.jpg 1
Silvio_Berlusconi/Silvio_Berlusconi_0023.jpg Silvio_Berlusconi/Silvio_Berlusconi_0028.jpg 1
Silvio_Berlusconi/Silvio_Berlusconi_0024.jpg Silvio_Berlusconi/Silvio_Berlusconi_0030.jpg 1
Silvio_Berlusconi/Silvio_Berlusconi_0026.jpg Silvio_Berlusconi/Silvio_Berlusconi_0032.jpg 1
Spencer_Abraham/Spencer_Abraham_0003.jpg Spencer_Abraham/Spencer_Abraham_0017.jpg 1
Steffi_Graf/Steffi_Graf_0002.jpg Steffi_Graf/Steffi_Graf_0005.jpg 1
Steffi_Graf/Steffi_Graf_0003.jpg Steffi_Graf/Steffi_Graf_0004.jpg 1
Steven_Spielberg/Steven_Spielberg_0001.jpg Steven_Spielberg/Steven_Spielberg_0005.jpg 1
Steven_Spielberg/Steven_Spielberg_0001.jpg Steven_Spielberg/Steven_Spielberg_0006.jpg 1
Steven_Spielberg/Steven_Spielberg_0003.jpg Steven_Spielberg/Steven_Spielberg_0006.jpg 1
Steven_Spielberg/Steven_Spielberg_0004.jpg Steven_Spielberg/Steven_Spielberg_0006.jpg 1
Steven_Spielberg/Steven_Spielberg_0004.jpg Steven_Spielberg/Steven_Spielberg_0007.jpg 1
Steven_Spielberg/Steven_Spielberg_0006.jpg Steven_Spielberg/Steven_Spielberg_0007.jpg 1
Theresa_May/Theresa_May_0001.jpg Theresa_May/Theresa_May_0002.jpg 1
Theresa_May/Theresa_May_0002.jpg Theresa_May/Theresa_May_0003.jpg 1
Tippi_Hedren/Tippi_Hedren_0001.jpg Tippi_Hedren/Tippi_Hedren_0002.jpg 1
Todd_Haynes/Todd_Haynes_0001.jpg Todd_Haynes/Todd_Haynes_0002.jpg 1
Todd_Haynes/Todd_Haynes_0001.jpg Todd_Haynes/Todd_Haynes_0003.jpg 1
Todd_Haynes/Todd_Haynes_0001.jpg Todd_Haynes/Todd_Haynes_0004.jpg 1
Todd_Haynes/Todd_Haynes_0002.jpg Todd_Haynes/Todd_Haynes_0004.jpg 1
Tony_Blair/Tony_Blair_0018.jpg Tony_Blair/Tony_Blair_0086.jpg 1
Tony_Blair/Tony_Blair_0032.jpg Tony_Blair/Tony_Blair_0048.jpg 1
Tony_Blair/Tony_Blair_0032.jpg Tony_Blair/Tony_Blair_0110.jpg 1
Tony_Blair/Tony_Blair_0053.jpg Tony_Blair/Tony_Blair_0102.jpg 1
Tony_Blair/Tony_Blair_0091.jpg Tony_Blair/Tony_Blair_0134.jpg 1
Tony_Blair/Tony_Blair_0092.jpg Tony_Blair/Tony_Blair_0133.jpg 1
Tony_Blair/Tony_Blair_0105.jpg Tony_Blair/Tony_Blair_0121.jpg 1
Vicente_Fox/Vicente_Fox_0004.jpg Vicente_Fox/Vicente_Fox_0030.jpg 1
Vicente_Fox/Vicente_Fox_0009.jpg Vicente_Fox/Vicente_Fox_0016.jpg 1
Vicente_Fox/Vicente_Fox_0011.jpg Vicente_Fox/Vicente_Fox_0017.jpg 1
Vicente_Fox/Vicente_Fox_0015.jpg Vicente_Fox/Vicente_Fox_0030.jpg 1
Vojislav_Kostunica/Vojislav_Kostunica_0001.jpg Vojislav_Kostunica/Vojislav_Kostunica_0003.jpg 1
Vojislav_Kostunica/Vojislav_Kostunica_0002.jpg Vojislav_Kostunica/Vojislav_Kostunica_0004.jpg 1
Vojislav_Kostunica/Vojislav_Kostunica_0004.jpg Vojislav_Kostunica/Vojislav_Kostunica_0007.jpg 1
Vojislav_Kostunica/Vojislav_Kostunica_0005.jpg Vojislav_Kostunica/Vojislav_Kostunica_0007.jpg 1
Walter_Mondale/Walter_Mondale_0001.jpg Walter_Mondale/Walter_Mondale_0006.jpg 1
Walter_Mondale/Walter_Mondale_0001.jpg Walter_Mondale/Walter_Mondale_0007.jpg 1
Walter_Mondale/Walter_Mondale_0005.jpg Walter_Mondale/Walter_Mondale_0007.jpg 1
Walter_Mondale/Walter_Mondale_0006.jpg Walter_Mondale/Walter_Mondale_0008.jpg 1
Walter_Mondale/Walter_Mondale_0007.jpg Walter_Mondale/Walter_Mondale_0009.jpg 1
Wang_Yingfan/Wang_Yingfan_0002.jpg Wang_Yingfan/Wang_Yingfan_0003.jpg 1
William_Bratton/William_Bratton_0001.jpg William_Bratton/William_Bratton_0003.jpg 1
William_Donaldson/William_Donaldson_0001.jpg William_Donaldson/William_Donaldson_0005.jpg 1
William_Donaldson/William_Donaldson_0003.jpg William_Donaldson/William_Donaldson_0005.jpg 1
William_Donaldson/William_Donaldson_0004.jpg William_Donaldson/William_Donaldson_0006.jpg 1
Xavier_Malisse/Xavier_Malisse_0001.jpg Xavier_Malisse/Xavier_Malisse_0003.jpg 1
Xavier_Malisse/Xavier_Malisse_0003.jpg Xavier_Malisse/Xavier_Malisse_0004.jpg 1
Xavier_Malisse/Xavier_Malisse_0003.jpg Xavier_Malisse/Xavier_Malisse_0005.jpg 1
Yevgeny_Kafelnikov/Yevgeny_Kafelnikov_0001.jpg Yevgeny_Kafelnikov/Yevgeny_Kafelnikov_0004.jpg 1
Zarai_Toledo/Zarai_Toledo_0001.jpg Zarai_Toledo/Zarai_Toledo_0002.jpg 1
Adolfo_Rodriguez_Saa/Adolfo_Rodriguez_Saa_0001.jpg Dave_Odom/Dave_Odom_0001.jpg -1
Adolfo_Rodriguez_Saa/Adolfo_Rodriguez_Saa_0001.jpg Nancy_Powell/Nancy_Powell_0001.jpg -1
Adrien_Brody/Adrien_Brody_0003.jpg Damon_Dash/Damon_Dash_0001.jpg -1
Ahmed_Ahmed/Ahmed_Ahmed_0001.jpg Mike_Smith/Mike_Smith_0001.jpg -1
Al_Sharpton/Al_Sharpton_0005.jpg Cole_Chapman/Cole_Chapman_0001.jpg -1
Alberto_Sordi/Alberto_Sordi_0001.jpg James_Cameron/James_Cameron_0002.jpg -1
Alejandro_Lerner/Alejandro_Lerner_0001.jpg Jesper_Parnevik/Jesper_Parnevik_0001.jpg -1
Alejandro_Lerner/Alejandro_Lerner_0001.jpg TA_McLendon/TA_McLendon_0001.jpg -1
Alex_Penelas/Alex_Penelas_0001.jpg Robin_Johansen/Robin_Johansen_0001.jpg -1
Alex_Penelas/Alex_Penelas_0002.jpg Gretchen_Mol/Gretchen_Mol_0001.jpg -1
Alexandra_Stevenson/Alexandra_Stevenson_0003.jpg Ronde_Barber/Ronde_Barber_0001.jpg -1
Ali_Adbul_Karim_Madani/Ali_Adbul_Karim_Madani_0001.jpg Carey_Lowell/Carey_Lowell_0001.jpg -1
Ali_Mohammed_Maher/Ali_Mohammed_Maher_0001.jpg Isabela_Moraes/Isabela_Moraes_0001.jpg -1
Ali_Mohammed_Maher/Ali_Mohammed_Maher_0001.jpg Isidro_Pastor/Isidro_Pastor_0001.jpg -1
Alicia_Silverstone/Alicia_Silverstone_0002.jpg Jennifer_Thompson/Jennifer_Thompson_0001.jpg -1
Alicia_Silverstone/Alicia_Silverstone_0002.jpg Jonathan_Tiomkin/Jonathan_Tiomkin_0001.jpg -1
Alicia_Silverstone/Alicia_Silverstone_0002.jpg Serge_Tchuruk/Serge_Tchuruk_0001.jpg -1
Andre_Agassi/Andre_Agassi_0031.jpg Boris_Jordan/Boris_Jordan_0001.jpg -1
Andre_Techine/Andre_Techine_0001.jpg Lloyd_Richards/Lloyd_Richards_0001.jpg -1
Andy_Benes/Andy_Benes_0001.jpg Doug_Moe/Doug_Moe_0001.jpg -1
Andy_Benes/Andy_Benes_0001.jpg Mitar_Rasevic/Mitar_Rasevic_0001.jpg -1
Andy_Bryant/Andy_Bryant_0001.jpg Mike_Slive/Mike_Slive_0001.jpg -1
Anna_Kournikova/Anna_Kournikova_0008.jpg Colin_Farrell/Colin_Farrell_0001.jpg -1
Anne_ONeil/Anne_ONeil_0001.jpg Sophie/Sophie_0001.jpg -1
Anthony_Lee_Johnson/Anthony_Lee_Johnson_0001.jpg Dave_Williams/Dave_Williams_0001.jpg -1
Arnold_Palmer/Arnold_Palmer_0001.jpg Stephanie_Zimbalist/Stephanie_Zimbalist_0001.jpg -1
Arnold_Palmer/Arnold_Palmer_0003.jpg Charles_Kartman/Charles_Kartman_0001.jpg -1
Aron_Ralston/Aron_Ralston_0001.jpg Bill_Fennelly/Bill_Fennelly_0001.jpg -1
Bart_Hendricks/Bart_Hendricks_0001.jpg Philippe_Noiret/Philippe_Noiret_0001.jpg -1
Ben_Kingsley/Ben_Kingsley_0001.jpg Daryl_Hannah/Daryl_Hannah_0001.jpg -1
Ben_Kingsley/Ben_Kingsley_0001.jpg Jean_Nagel/Jean_Nagel_0001.jpg -1
Ben_Kingsley/Ben_Kingsley_0001.jpg Perry_Farrell/Perry_Farrell_0001.jpg -1
Benjamin_Neulander/Benjamin_Neulander_0001.jpg Robin_Tunney/Robin_Tunney_0001.jpg -1
Bernardo_Segura/Bernardo_Segura_0001.jpg Debra_Shank/Debra_Shank_0001.jpg -1
Bernardo_Segura/Bernardo_Segura_0002.jpg Douglas_Paal/Douglas_Paal_0001.jpg -1
Bernardo_Segura/Bernardo_Segura_0002.jpg Jeanette_Stauffer/Jeanette_Stauffer_0001.jpg -1
Bill_Pryor/Bill_Pryor_0001.jpg Ronde_Barber/Ronde_Barber_0001.jpg -1
Bob_Melvin/Bob_Melvin_0001.jpg Richard_Hamilton/Richard_Hamilton_0001.jpg -1
Bob_Stoops/Bob_Stoops_0003.jpg Wayne_Allard/Wayne_Allard_0001.jpg -1
Bobby_Jackson/Bobby_Jackson_0001.jpg Bruce_Gebhardt/Bruce_Gebhardt_0001.jpg -1
Bobby_Jackson/Bobby_Jackson_0001.jpg JP_Suarez/JP_Suarez_0001.jpg -1
Bobby_Jackson/Bobby_Jackson_0001.jpg Madge_Overhouse/Madge_Overhouse_0001.jpg -1
Bobby_Jackson/Bobby_Jackson_0001.jpg Nicola_Wells/Nicola_Wells_0001.jpg -1
Bobby_Robson/Bobby_Robson_0001.jpg Rollie_Massimino/Rollie_Massimino_0001.jpg -1
Bode_Miller/Bode_Miller_0001.jpg David_Howard/David_Howard_0001.jpg -1
Bode_Miller/Bode_Miller_0001.jpg Steffi_Graf/Steffi_Graf_0001.jpg -1
Boris_Jordan/Boris_Jordan_0001.jpg Kim_Weeks/Kim_Weeks_0001.jpg -1
Boris_Jordan/Boris_Jordan_0001.jpg Vincent_Sombrotto/Vincent_Sombrotto_0001.jpg -1
Brad_Alexander_Smith/Brad_Alexander_Smith_0001.jpg Jason_Alexander/Jason_Alexander_0002.jpg -1
Brad_Alexander_Smith/Brad_Alexander_Smith_0001.jpg Kate_Lee/Kate_Lee_0001.jpg -1
Brad_Alexander_Smith/Brad_Alexander_Smith_0001.jpg Tatiana_Gratcheva/Tatiana_Gratcheva_0001.jpg -1
Brandon_Webb/Brandon_Webb_0001.jpg Helmut_Panke/Helmut_Panke_0001.jpg -1
Brandon_Webb/Brandon_Webb_0001.jpg Larry_Hahn/Larry_Hahn_0001.jpg -1
Brandon_Webb/Brandon_Webb_0001.jpg Ryan_Leaf/Ryan_Leaf_0001.jpg -1
Brennon_Leighton/Brennon_Leighton_0001.jpg Laurel_Clark/Laurel_Clark_0001.jpg -1
Brett_Hawke/Brett_Hawke_0001.jpg Teri_Files/Teri_Files_0001.jpg -1
Bruce_Gebhardt/Bruce_Gebhardt_0001.jpg Jean-Luc_Bideau/Jean-Luc_Bideau_0001.jpg -1
Bruce_Gebhardt/Bruce_Gebhardt_0001.jpg Masao_Azuma/Masao_Azuma_0001.jpg -1
Bryan_Cooley/Bryan_Cooley_0001.jpg Katie_Harman/Katie_Harman_0003.jpg -1
Bryan_Murray/Bryan_Murray_0001.jpg Eric_Schacht/Eric_Schacht_0001.jpg -1
Bryan_Murray/Bryan_Murray_0001.jpg Mikhail_Youzhny/Mikhail_Youzhny_0001.jpg -1
Bryan_Murray/Bryan_Murray_0001.jpg Mitchell_Daniels/Mitchell_Daniels_0002.jpg -1
Camille_Colvin/Camille_Colvin_0001.jpg Irina_Yatchenko/Irina_Yatchenko_0001.jpg -1
Carey_Lowell/Carey_Lowell_0001.jpg Charlie_Coles/Charlie_Coles_0001.jpg -1
Carl_Pope/Carl_Pope_0001.jpg Larry_Hahn/Larry_Hahn_0001.jpg -1
Carolina_Barco/Carolina_Barco_0001.jpg Daryl_Hannah/Daryl_Hannah_0001.jpg -1
Carolina_Barco/Carolina_Barco_0001.jpg Lindsay_Davenport/Lindsay_Davenport_0022.jpg -1
Carolina_Barco/Carolina_Barco_0001.jpg Norodom_Sihanouk/Norodom_Sihanouk_0001.jpg -1
Caroline_Kennedy/Caroline_Kennedy_0003.jpg Henry_Suazo/Henry_Suazo_0001.jpg -1
Catherine_Bell/Catherine_Bell_0001.jpg Guillaume_Cannet/Guillaume_Cannet_0001.jpg -1
Catherine_Zeta-Jones/Catherine_Zeta-Jones_0010.jpg Pier_Ferdinando_Casini/Pier_Ferdinando_Casini_0001.jpg -1
Catherine_Zeta-Jones/Catherine_Zeta-Jones_0011.jpg Hayley_Tullett/Hayley_Tullett_0002.jpg -1
Celso_Amorim/Celso_Amorim_0002.jpg Juljia_Vysotskij/Juljia_Vysotskij_0001.jpg -1
Celso_Amorim/Celso_Amorim_0002.jpg Kevin_Costner/Kevin_Costner_0001.jpg -1
Celso_Amorim/Celso_Amorim_0002.jpg Thomas_Stewart/Thomas_Stewart_0001.jpg -1
Chanda_Rubin/Chanda_Rubin_0003.jpg Richard_Tubb/Richard_Tubb_0001.jpg -1
Chante_Jawan_Mallard/Chante_Jawan_Mallard_0001.jpg Stephen_Glassroth/Stephen_Glassroth_0001.jpg -1
Chante_Jawan_Mallard/Chante_Jawan_Mallard_0001.jpg Vicente_Fox/Vicente_Fox_0023.jpg -1
Charles_Bronson/Charles_Bronson_0002.jpg Hu_Jintao/Hu_Jintao_0004.jpg -1
Charles_Kartman/Charles_Kartman_0001.jpg Debra_Shank/Debra_Shank_0001.jpg -1
Charles_Schumer/Charles_Schumer_0002.jpg James_Watt/James_Watt_0001.jpg -1
Charles_Schumer/Charles_Schumer_0002.jpg Justin_Gatlin/Justin_Gatlin_0002.jpg -1
Charles_Schumer/Charles_Schumer_0002.jpg Lionel_Chalmers/Lionel_Chalmers_0001.jpg -1
Chris_Rock/Chris_Rock_0002.jpg Dalai_Lama/Dalai_Lama_0001.jpg -1
Christine_Baumgartner/Christine_Baumgartner_0002.jpg Vincent_Sombrotto/Vincent_Sombrotto_0001.jpg -1
Christine_Baumgartner/Christine_Baumgartner_0003.jpg Lars_Burgsmuller/Lars_Burgsmuller_0001.jpg -1
Chyung_Dai-chul/Chyung_Dai-chul_0001.jpg Dan_Reeves/Dan_Reeves_0001.jpg -1
Cindy_Moll/Cindy_Moll_0001.jpg Daniel_Radcliffe/Daniel_Radcliffe_0003.jpg -1
Cindy_Moll/Cindy_Moll_0001.jpg James_McPherson/James_McPherson_0001.jpg -1
Cindy_Moll/Cindy_Moll_0001.jpg Robin_Johansen/Robin_Johansen_0001.jpg -1
Claire_De_Gryse/Claire_De_Gryse_0001.jpg Deb_Santos/Deb_Santos_0001.jpg -1
Claire_Tomalin/Claire_Tomalin_0001.jpg Steve_Case/Steve_Case_0001.jpg -1
Clay_Campbell/Clay_Campbell_0001.jpg Leonardo_DiCaprio/Leonardo_DiCaprio_0002.jpg -1
Cole_Chapman/Cole_Chapman_0001.jpg Marisol_Martinez_Sambran/Marisol_Martinez_Sambran_0001.jpg -1
Colin_Phillips/Colin_Phillips_0001.jpg Ian_McKellen/Ian_McKellen_0003.jpg -1
Colin_Phillips/Colin_Phillips_0001.jpg Lloyd_Richards/Lloyd_Richards_0001.jpg -1
Colin_Prescot/Colin_Prescot_0001.jpg Laurie_Hobbs/Laurie_Hobbs_0001.jpg -1
Connie_Freydell/Connie_Freydell_0001.jpg Tommy_Maddox/Tommy_Maddox_0001.jpg -1
Craig_OClair/Craig_OClair_0001.jpg Steve_Avery/Steve_Avery_0001.jpg -1
Damarius_Bilbo/Damarius_Bilbo_0001.jpg Juljia_Vysotskij/Juljia_Vysotskij_0001.jpg -1
Damon_Dash/Damon_Dash_0001.jpg Henry_Suazo/Henry_Suazo_0001.jpg -1
Daniel_Comisso_Urdaneta/Daniel_Comisso_Urdaneta_0001.jpg Larry_Ralston/Larry_Ralston_0001.jpg -1
Daniel_Radcliffe/Daniel_Radcliffe_0003.jpg Diane_Green/Diane_Green_0002.jpg -1
Daniel_Radcliffe/Daniel_Radcliffe_0003.jpg Rick_Barnes/Rick_Barnes_0002.jpg -1
Daniel_Radcliffe/Daniel_Radcliffe_0003.jpg Vicente_Fox/Vicente_Fox_0032.jpg -1
Dany_Heatley/Dany_Heatley_0001.jpg Richard_Parsons/Richard_Parsons_0001.jpg -1
Dany_Heatley/Dany_Heatley_0001.jpg Terry_Hoeppner/Terry_Hoeppner_0001.jpg -1
Dave_Odom/Dave_Odom_0001.jpg Maritza_Macias_Furano/Maritza_Macias_Furano_0001.jpg -1
David_Beckham/David_Beckham_0022.jpg Laura_Morante/Laura_Morante_0001.jpg -1
David_Duval/David_Duval_0001.jpg Philippe_Noiret/Philippe_Noiret_0002.jpg -1
David_Ho/David_Ho_0001.jpg Doug_Moe/Doug_Moe_0001.jpg -1
David_Ho/David_Ho_0001.jpg Erskine_Bowles/Erskine_Bowles_0001.jpg -1
David_Ho/David_Ho_0001.jpg Evander_Holyfield/Evander_Holyfield_0001.jpg -1
David_Howard/David_Howard_0001.jpg Hugo_Conte/Hugo_Conte_0001.jpg -1
Denzel_Washington/Denzel_Washington_0004.jpg Henry_Suazo/Henry_Suazo_0001.jpg -1
Des_Brown/Des_Brown_0001.jpg Eliott_Spitzer/Eliott_Spitzer_0001.jpg -1
Des_Brown/Des_Brown_0001.jpg Svetislav_Pesic/Svetislav_Pesic_0001.jpg -1
Diana_Ross/Diana_Ross_0001.jpg Rick_Rickert/Rick_Rickert_0001.jpg -1
Dianne_Feinstein/Dianne_Feinstein_0003.jpg Dwayne_Johnson/Dwayne_Johnson_0002.jpg -1
Dick_Clark/Dick_Clark_0003.jpg Manfred_Stolpe/Manfred_Stolpe_0001.jpg -1
Dino_Risi/Dino_Risi_0001.jpg Gabriel_Farhi/Gabriel_Farhi_0001.jpg -1
Doc_Rivers/Doc_Rivers_0001.jpg Melissa_Joan_Hart/Melissa_Joan_Hart_0001.jpg -1
Dominick_Dunne/Dominick_Dunne_0001.jpg Nicoletta_Braschi/Nicoletta_Braschi_0001.jpg -1
Don_Flanagan/Don_Flanagan_0001.jpg Ed_Sullivan/Ed_Sullivan_0001.jpg -1
Don_Flanagan/Don_Flanagan_0001.jpg Ratna_Sari_Dewi_Sukarno/Ratna_Sari_Dewi_Sukarno_0001.jpg -1
Donald_Keyser/Donald_Keyser_0001.jpg Salma_Hayek/Salma_Hayek_0002.jpg -1
Douglas_Paal/Douglas_Paal_0001.jpg Ed_Sullivan/Ed_Sullivan_0001.jpg -1
Douglas_Paal/Douglas_Paal_0001.jpg Richard_Hamilton/Richard_Hamilton_0001.jpg -1
Dusty_Baker/Dusty_Baker_0001.jpg Saddam_Hussein/Saddam_Hussein_0002.jpg -1
Ed_Rendell/Ed_Rendell_0001.jpg Jamie_Dimon/Jamie_Dimon_0001.jpg -1
Ed_Rendell/Ed_Rendell_0001.jpg Richard_Cohen/Richard_Cohen_0001.jpg -1
Eddie_Murray/Eddie_Murray_0001.jpg Kevin_Costner/Kevin_Costner_0007.jpg -1
Elaine_Stritch/Elaine_Stritch_0001.jpg Richard_Parsons/Richard_Parsons_0001.jpg -1
Elena_Tihomirova/Elena_Tihomirova_0001.jpg Mike_Slive/Mike_Slive_0001.jpg -1
Elena_Tihomirova/Elena_Tihomirova_0001.jpg Mohammed_Abu_Sharia/Mohammed_Abu_Sharia_0001.jpg -1
Eric_Schacht/Eric_Schacht_0001.jpg Jennifer_Keller/Jennifer_Keller_0002.jpg -1
Erik_Morales/Erik_Morales_0003.jpg Werner_Schlager/Werner_Schlager_0001.jpg -1
Erin_Brockovich/Erin_Brockovich_0001.jpg Henry_Suazo/Henry_Suazo_0001.jpg -1
Erin_Brockovich/Erin_Brockovich_0001.jpg Mike_Carona/Mike_Carona_0001.jpg -1
Evan_Rachel_Wood/Evan_Rachel_Wood_0001.jpg Sharon_Frey/Sharon_Frey_0001.jpg -1
Evander_Holyfield/Evander_Holyfield_0001.jpg Julio_Rossi/Julio_Rossi_0001.jpg -1
Evander_Holyfield/Evander_Holyfield_0001.jpg Michael_Jordan/Michael_Jordan_0003.jpg -1
Evander_Holyfield/Evander_Holyfield_0001.jpg Mike_Carona/Mike_Carona_0001.jpg -1
Fatmir_Limaj/Fatmir_Limaj_0001.jpg Todd_Haynes/Todd_Haynes_0004.jpg -1
Felicity_Huffman/Felicity_Huffman_0001.jpg Nelson_Acosta/Nelson_Acosta_0001.jpg -1
Felipe_De_Borbon/Felipe_De_Borbon_0001.jpg Jose_Bove/Jose_Bove_0001.jpg -1
Frank_Cassell/Frank_Cassell_0002.jpg Jesper_Parnevik/Jesper_Parnevik_0001.jpg -1
Frank_Cassell/Frank_Cassell_0003.jpg Ronde_Barber/Ronde_Barber_0001.jpg -1
Fred_Durst/Fred_Durst_0001.jpg Marisol_Martinez_Sambran/Marisol_Martinez_Sambran_0001.jpg -1
Fred_Durst/Fred_Durst_0001.jpg Shavon_Earp/Shavon_Earp_0001.jpg -1
Fujio_Cho/Fujio_Cho_0001.jpg Javier_Vargas/Javier_Vargas_0001.jpg -1
Fujio_Cho/Fujio_Cho_0002.jpg Tatsuya_Fuji/Tatsuya_Fuji_0001.jpg -1
Fujio_Cho/Fujio_Cho_0003.jpg Michael_Brandon/Michael_Brandon_0001.jpg -1
Fujio_Cho/Fujio_Cho_0006.jpg Olene_Walker/Olene_Walker_0001.jpg -1
Gabriel_Farhi/Gabriel_Farhi_0001.jpg Lars_Burgsmuller/Lars_Burgsmuller_0001.jpg -1
Gao_Qiang/Gao_Qiang_0002.jpg Kenneth_Brill/Kenneth_Brill_0001.jpg -1
Gary_Stevens/Gary_Stevens_0001.jpg Wanda_Ilene_Barzee/Wanda_Ilene_Barzee_0001.jpg -1
Geoff_Hoon/Geoff_Hoon_0001.jpg Osama_bin_Laden/Osama_bin_Laden_0003.jpg -1
Geoff_Hoon/Geoff_Hoon_0003.jpg Richard_Tubb/Richard_Tubb_0001.jpg -1
Geoff_Hoon/Geoff_Hoon_0005.jpg Thomas_Stewart/Thomas_Stewart_0001.jpg -1
George_Brumley/George_Brumley_0001.jpg Manfred_Stolpe/Manfred_Stolpe_0001.jpg -1
George_Brumley/George_Brumley_0001.jpg Ryan_Leaf/Ryan_Leaf_0001.jpg -1
George_Brumley/George_Brumley_0002.jpg Sergei_Yushenkov/Sergei_Yushenkov_0001.jpg -1
George_Papandreou/George_Papandreou_0002.jpg Tatiana_Panova/Tatiana_Panova_0001.jpg -1
George_Papandreou/George_Papandreou_0004.jpg Larry_Lindsey/Larry_Lindsey_0002.jpg -1
George_Papandreou/George_Papandreou_0004.jpg Paul_LeClerc/Paul_LeClerc_0001.jpg -1
Ghassan_Elashi/Ghassan_Elashi_0001.jpg Rick_Rickert/Rick_Rickert_0001.jpg -1
Gloria_Allred/Gloria_Allred_0002.jpg Roman_Tam/Roman_Tam_0001.jpg -1
Greg_Kinsey/Greg_Kinsey_0001.jpg Priscilla_Presley/Priscilla_Presley_0001.jpg -1
Greg_Ostertag/Greg_Ostertag_0002.jpg Kevin_Costner/Kevin_Costner_0006.jpg -1
Greg_Owen/Greg_Owen_0001.jpg Mark_Sisk/Mark_Sisk_0001.jpg -1
Greg_Owen/Greg_Owen_0002.jpg Mike_Smith/Mike_Smith_0001.jpg -1
Gretchen_Mol/Gretchen_Mol_0001.jpg Isabella_Rossellini/Isabella_Rossellini_0002.jpg -1
Gunilla_Backman/Gunilla_Backman_0001.jpg Kathleen_Abernathy/Kathleen_Abernathy_0001.jpg -1
Hanan_Ashrawi/Hanan_Ashrawi_0001.jpg Mario_Kreutzberger/Mario_Kreutzberger_0002.jpg -1
Hans_Leistritz/Hans_Leistritz_0001.jpg Saddam_Hussein/Saddam_Hussein_0018.jpg -1
Hans_Leistritz/Hans_Leistritz_0001.jpg Sue_Grafton/Sue_Grafton_0001.jpg -1
Hans_Peter_Briegel/Hans_Peter_Briegel_0001.jpg Theresa_May/Theresa_May_0002.jpg -1
Harriet_Lessy/Harriet_Lessy_0001.jpg Mike_Carona/Mike_Carona_0001.jpg -1
Harry_Kalas/Harry_Kalas_0002.jpg Joe_Strummer/Joe_Strummer_0001.jpg -1
Harry_Kalas/Harry_Kalas_0002.jpg Lewis_Booth/Lewis_Booth_0001.jpg -1
Hayley_Tullett/Hayley_Tullett_0001.jpg Ian_McKellen/Ian_McKellen_0001.jpg -1
Henry_Suazo/Henry_Suazo_0001.jpg Ratna_Sari_Dewi_Sukarno/Ratna_Sari_Dewi_Sukarno_0001.jpg -1
Hernan_Crespo/Hernan_Crespo_0001.jpg Ronde_Barber/Ronde_Barber_0001.jpg -1
Hiroyuki_Yoshino/Hiroyuki_Yoshino_0001.jpg Rollie_Massimino/Rollie_Massimino_0001.jpg -1
Hu_Jintao/Hu_Jintao_0006.jpg Jerome_Jenkins/Jerome_Jenkins_0001.jpg -1
Hugh_Jessiman/Hugh_Jessiman_0001.jpg Solomon_Passy/Solomon_Passy_0001.jpg -1
Hugh_Jessiman/Hugh_Jessiman_0001.jpg TA_McLendon/TA_McLendon_0001.jpg -1
Hugo_Conte/Hugo_Conte_0001.jpg Laurent_Woulzy/Laurent_Woulzy_0001.jpg -1
Irina_Yatchenko/Irina_Yatchenko_0001.jpg Katie_Harman/Katie_Harman_0002.jpg -1
Isidro_Pastor/Isidro_Pastor_0001.jpg Mark_Butcher/Mark_Butcher_0001.jpg -1
Ismail_Merchant/Ismail_Merchant_0001.jpg Mack_Brown/Mack_Brown_0002.jpg -1
Ismail_Merchant/Ismail_Merchant_0002.jpg Kathleen_Abernathy/Kathleen_Abernathy_0001.jpg -1
Ivan_Helguera/Ivan_Helguera_0001.jpg William_Donaldson/William_Donaldson_0004.jpg -1
Iveta_Benesova/Iveta_Benesova_0001.jpg Jacques_Chirac/Jacques_Chirac_0050.jpg -1
Jacques_Chirac/Jacques_Chirac_0020.jpg Tzipora_Obziler/Tzipora_Obziler_0001.jpg -1
Jacques_Chirac/Jacques_Chirac_0035.jpg Richard_Shelby/Richard_Shelby_0002.jpg -1
James_Cameron/James_Cameron_0001.jpg Richard_Shelby/Richard_Shelby_0002.jpg -1
James_McGreevey/James_McGreevey_0001.jpg Katie_Harman/Katie_Harman_0002.jpg -1
James_McGreevey/James_McGreevey_0001.jpg Tzipora_Obziler/Tzipora_Obziler_0001.jpg -1
James_Sensenbrenner/James_Sensenbrenner_0001.jpg Jimmy_Smits/Jimmy_Smits_0001.jpg -1
James_Sensenbrenner/James_Sensenbrenner_0001.jpg Maria_Shkolnikova/Maria_Shkolnikova_0001.jpg -1
James_Watt/James_Watt_0001.jpg Priscilla_Presley/Priscilla_Presley_0002.jpg -1
Jamie_Dimon/Jamie_Dimon_0001.jpg Robert_Korzeniowski/Robert_Korzeniowski_0001.jpg -1
Jason_Alexander/Jason_Alexander_0001.jpg Mike_Maroth/Mike_Maroth_0001.jpg -1
Jason_Alexander/Jason_Alexander_0001.jpg Wayne_Allard/Wayne_Allard_0001.jpg -1
Jason_Kidd/Jason_Kidd_0007.jpg Louisa_Baileche/Louisa_Baileche_0001.jpg -1
Javier_Vargas/Javier_Vargas_0001.jpg Jesse_Helms/Jesse_Helms_0001.jpg -1
Jeanette_Gray/Jeanette_Gray_0001.jpg Keith_Fotta/Keith_Fotta_0001.jpg -1
Jeanette_Stauffer/Jeanette_Stauffer_0001.jpg Marie-Josee_Croze/Marie-Josee_Croze_0001.jpg -1
Jeffrey_Donaldson/Jeffrey_Donaldson_0001.jpg Leonardo_DiCaprio/Leonardo_DiCaprio_0008.jpg -1
Jeffrey_Donaldson/Jeffrey_Donaldson_0001.jpg Peter_Bacanovic/Peter_Bacanovic_0001.jpg -1
Jennifer_Connelly/Jennifer_Connelly_0004.jpg Martin_Bandier/Martin_Bandier_0001.jpg -1
Jesper_Parnevik/Jesper_Parnevik_0001.jpg Justin_Gatlin/Justin_Gatlin_0002.jpg -1
Jimmy_Smits/Jimmy_Smits_0001.jpg Robin_Johansen/Robin_Johansen_0001.jpg -1
Jimmy_Smits/Jimmy_Smits_0001.jpg Shane_Hmiel/Shane_Hmiel_0001.jpg -1
Joe_Crede/Joe_Crede_0001.jpg Tom_DeLay/Tom_DeLay_0001.jpg -1
John_Burkett/John_Burkett_0001.jpg Leonardo_DiCaprio/Leonardo_DiCaprio_0002.jpg -1
John_McKay/John_McKay_0001.jpg Mary_Sue_Coleman/Mary_Sue_Coleman_0001.jpg -1
Johnny_Hallyday/Johnny_Hallyday_0001.jpg Olene_Walker/Olene_Walker_0001.jpg -1
Jonathan_Tiomkin/Jonathan_Tiomkin_0001.jpg Rita_Grande/Rita_Grande_0002.jpg -1
Jorge_Rodolfo_Canicoba_Corral/Jorge_Rodolfo_Canicoba_Corral_0001.jpg Wayne_Allard/Wayne_Allard_0001.jpg -1
Jose_Bove/Jose_Bove_0001.jpg Juergen_Trittin/Juergen_Trittin_0001.jpg -1
Juljia_Vysotskij/Juljia_Vysotskij_0001.jpg Patrick_Coleman/Patrick_Coleman_0001.jpg -1
Kate_Lee/Kate_Lee_0001.jpg Toshimitsu_Motegi/Toshimitsu_Motegi_0001.jpg -1
Kathie_Louise_Saunders/Kathie_Louise_Saunders_0001.jpg Roberto_Lavagna/Roberto_Lavagna_0001.jpg -1
Kathie_Louise_Saunders/Kathie_Louise_Saunders_0001.jpg Rosalyn_Carter/Rosalyn_Carter_0001.jpg -1
Kenneth_Branagh/Kenneth_Branagh_0001.jpg Pinar_del_Rio/Pinar_del_Rio_0001.jpg -1
Kevin_Costner/Kevin_Costner_0005.jpg Stephen_Glassroth/Stephen_Glassroth_0001.jpg -1
Khader_Rashid_Rahim/Khader_Rashid_Rahim_0001.jpg Richard_Cohen/Richard_Cohen_0001.jpg -1
Khalid_Khannouchi/Khalid_Khannouchi_0001.jpg Werner_Schlager/Werner_Schlager_0001.jpg -1
Kim_Su_Nam/Kim_Su_Nam_0001.jpg Todd_Haynes/Todd_Haynes_0004.jpg -1
Kim_Weeks/Kim_Weeks_0001.jpg Marie-Josee_Croze/Marie-Josee_Croze_0001.jpg -1
Kimora_Lee/Kimora_Lee_0001.jpg Robin_Johansen/Robin_Johansen_0001.jpg -1
Kurt_Suzuki/Kurt_Suzuki_0001.jpg Scott_Hoch/Scott_Hoch_0001.jpg -1
Larry_Lindsey/Larry_Lindsey_0001.jpg Wanda_Ilene_Barzee/Wanda_Ilene_Barzee_0001.jpg -1
Larry_Ralston/Larry_Ralston_0001.jpg Richard_Carl/Richard_Carl_0001.jpg -1
Larry_Ralston/Larry_Ralston_0001.jpg William_Donaldson/William_Donaldson_0006.jpg -1
Larry_Ralston/Larry_Ralston_0001.jpg Willie_Wilson/Willie_Wilson_0001.jpg -1
Laurel_Clark/Laurel_Clark_0001.jpg Laurent_Woulzy/Laurent_Woulzy_0001.jpg -1
Laurel_Clark/Laurel_Clark_0001.jpg Priscilla_Presley/Priscilla_Presley_0001.jpg -1
Leandrinho_Barbosa/Leandrinho_Barbosa_0001.jpg Melissa_Joan_Hart/Melissa_Joan_Hart_0001.jpg -1
Leandrinho_Barbosa/Leandrinho_Barbosa_0001.jpg Olene_Walker/Olene_Walker_0001.jpg -1
Leon_Barmore/Leon_Barmore_0001.jpg Sachin_Tendulkar/Sachin_Tendulkar_0001.jpg -1
Leon_Barmore/Leon_Barmore_0001.jpg Yusaku_Miyazato/Yusaku_Miyazato_0001.jpg -1
Leonard_Schrank/Leonard_Schrank_0001.jpg Marie_Haghal/Marie_Haghal_0001.jpg -1
Leonard_Schrank/Leonard_Schrank_0001.jpg Rick_Rickert/Rick_Rickert_0001.jpg -1
Linda_Franklin/Linda_Franklin_0001.jpg Melissa_Joan_Hart/Melissa_Joan_Hart_0001.jpg -1
Lindsay_Davenport/Lindsay_Davenport_0001.jpg Martin_Burnham/Martin_Burnham_0001.jpg -1
Lindsay_Davenport/Lindsay_Davenport_0017.jpg Oxana_Fedorova/Oxana_Fedorova_0003.jpg -1
Lionel_Chalmers/Lionel_Chalmers_0001.jpg Mohammad_Fares/Mohammad_Fares_0001.jpg -1
Lisa_Ling/Lisa_Ling_0002.jpg Mike_Maroth/Mike_Maroth_0001.jpg -1
Lucy_Liu/Lucy_Liu_0003.jpg Prince_William/Prince_William_0001.jpg -1
Maria_Luisa_Mendonca/Maria_Luisa_Mendonca_0002.jpg Stephane_Delajoux/Stephane_Delajoux_0001.jpg -1
Maria_Luisa_Mendonca/Maria_Luisa_Mendonca_0002.jpg Terunobu_Maeda/Terunobu_Maeda_0001.jpg -1
Maria_Shkolnikova/Maria_Shkolnikova_0001.jpg Martin_Rodriguez/Martin_Rodriguez_0001.jpg -1
Mariana_Ohata/Mariana_Ohata_0001.jpg Xavier_Malisse/Xavier_Malisse_0003.jpg -1
Mario_Kreutzberger/Mario_Kreutzberger_0001.jpg Shavon_Earp/Shavon_Earp_0001.jpg -1
Mario_Kreutzberger/Mario_Kreutzberger_0002.jpg Raul_Cubas/Raul_Cubas_0001.jpg -1
Maritza_Macias_Furano/Maritza_Macias_Furano_0001.jpg Qusai_Hussein/Qusai_Hussein_0001.jpg -1
Mark_Butcher/Mark_Butcher_0001.jpg Scott_Hoch/Scott_Hoch_0001.jpg -1
Mark_Sisk/Mark_Sisk_0001.jpg Mehdi_Baala/Mehdi_Baala_0001.jpg -1
Mark_Sisk/Mark_Sisk_0001.jpg Stephen_Swindal/Stephen_Swindal_0001.jpg -1
Masao_Azuma/Masao_Azuma_0001.jpg Mikhail_Kalashnikov/Mikhail_Kalashnikov_0001.jpg -1
McGuire_Gibson/McGuire_Gibson_0001.jpg Richard_Haass/Richard_Haass_0001.jpg -1
Mehdi_Baala/Mehdi_Baala_0001.jpg Steve_Avery/Steve_Avery_0001.jpg -1
Melissa_Joan_Hart/Melissa_Joan_Hart_0001.jpg Mikhail_Kalashnikov/Mikhail_Kalashnikov_0001.jpg -1
Melissa_Joan_Hart/Melissa_Joan_Hart_0001.jpg Sue_Grafton/Sue_Grafton_0001.jpg -1
Michael_Brandon/Michael_Brandon_0001.jpg Toshimitsu_Motegi/Toshimitsu_Motegi_0001.jpg -1
Michael_Shelby/Michael_Shelby_0001.jpg Olene_Walker/Olene_Walker_0001.jpg -1
Michel_Kratochvil/Michel_Kratochvil_0001.jpg Sheldon_Silver/Sheldon_Silver_0001.jpg -1
Mike_Eskew/Mike_Eskew_0001.jpg Zarai_Toledo/Zarai_Toledo_0001.jpg -1
Mike_OConnell/Mike_OConnell_0001.jpg Roberto_Lavagna/Roberto_Lavagna_0001.jpg -1
Mike_Sherman/Mike_Sherman_0001.jpg Natalie_Maines/Natalie_Maines_0003.jpg -1
Mike_Sherman/Mike_Sherman_0001.jpg Paige_Fitzgerald/Paige_Fitzgerald_0001.jpg -1
Milt_Heflin/Milt_Heflin_0001.jpg Pier_Ferdinando_Casini/Pier_Ferdinando_Casini_0001.jpg -1
Nicholoas_DiMarzio/Nicholoas_DiMarzio_0001.jpg Richard_Parsons/Richard_Parsons_0001.jpg -1
Nikki_McKibbin/Nikki_McKibbin_0001.jpg Stephen_Swindal/Stephen_Swindal_0001.jpg -1
Nikki_McKibbin/Nikki_McKibbin_0001.jpg Steven_Tyler/Steven_Tyler_0001.jpg -1
Osama_Al_Baz/Osama_Al_Baz_0001.jpg Patricia_Wartusch/Patricia_Wartusch_0001.jpg -1
Osama_Al_Baz/Osama_Al_Baz_0001.jpg Sandra_Day_OConner/Sandra_Day_OConner_0001.jpg -1
Patricia_Phillips/Patricia_Phillips_0001.jpg Thierry_Falise/Thierry_Falise_0002.jpg -1
Paula_Locke/Paula_Locke_0001.jpg Teri_Files/Teri_Files_0001.jpg -1
Peter_Bacanovic/Peter_Bacanovic_0002.jpg Robert_Korzeniowski/Robert_Korzeniowski_0001.jpg -1
Pier_Ferdinando_Casini/Pier_Ferdinando_Casini_0001.jpg Ratna_Sari_Dewi_Sukarno/Ratna_Sari_Dewi_Sukarno_0001.jpg -1
Priscilla_Presley/Priscilla_Presley_0002.jpg Raul_Rivero/Raul_Rivero_0001.jpg -1
Raaf_Schefter/Raaf_Schefter_0001.jpg Rick_Dinse/Rick_Dinse_0002.jpg -1
Richard_Sterner/Richard_Sterner_0001.jpg Steven_Spielberg/Steven_Spielberg_0002.jpg -1
Rick_Dinse/Rick_Dinse_0002.jpg Shavon_Earp/Shavon_Earp_0001.jpg -1
Roberto_Lavagna/Roberto_Lavagna_0001.jpg Sandra_Bullock/Sandra_Bullock_0004.jpg -1
Rod_Stewart/Rod_Stewart_0001.jpg Steffi_Graf/Steffi_Graf_0002.jpg -1
Rodolfo_Abalos/Rodolfo_Abalos_0001.jpg Thierry_Falise/Thierry_Falise_0003.jpg -1
Roman_Tam/Roman_Tam_0001.jpg Zalmay_Khalilzad/Zalmay_Khalilzad_0001.jpg -1
Scott_Hoch/Scott_Hoch_0001.jpg Thomas_Stewart/Thomas_Stewart_0001.jpg -1
Seymour_Cassell/Seymour_Cassell_0001.jpg Todd_Haynes/Todd_Haynes_0004.jpg -1
Shaun_Rusling/Shaun_Rusling_0001.jpg Vincent_Sombrotto/Vincent_Sombrotto_0001.jpg -1
Sheldon_Silver/Sheldon_Silver_0001.jpg Xavier_Malisse/Xavier_Malisse_0003.jpg -1
Stephane_Delajoux/Stephane_Delajoux_0001.jpg Tristan_Gretzky/Tristan_Gretzky_0001.jpg -1
Takahiro_Mori/Takahiro_Mori_0001.jpg Tony_Blair/Tony_Blair_0064.jpg -1
Thierry_Falise/Thierry_Falise_0002.jpg Werner_Schlager/Werner_Schlager_0001.jpg -1